Player,Position,NFLTeam,Bye,CBS ADP,CBS Rank,FFC ADP,Rank
Jahmyr Gibbs,RB,DET,6,1.33,1,1.8,1
Ja'Marr Chase,WR,CIN,6,3.81,3,3.9,2
Puka Nacua,WR,LAR,11,4.75,4,3.1,3
Jaxon Smith-Njigba,WR,SEA,11,6.44,5,5.5,4
Amon-Ra St. Brown,WR,DET,6,8.69,6,6.7,5
Jonathan Taylor,RB,IND,13,5.52,7,7.4,6
Christian McCaffrey,RB,SF,8,6.59,8,6.2,7
Chase Brown,RB,CIN,6,13.55,9,13.1,8
CeeDee Lamb,WR,DAL,14,14.07,10,11.1,9
James Cook III,RB,BUF,7,11.87,11,13.6,10
De'Von Achane,RB,MIA,6,11.32,12,10.3,11
Ashton Jeanty,RB,LV,13,12.73,13,14.4,12
Omarion Hampton,RB,LAC,7,17.91,14,19.9,13
Drake London,WR,ATL,11,16.92,15,10.2,14
Justin Jefferson,WR,MIN,6,16.28,16,13.9,15
Kenneth Walker,RB,KC,5,21.81,17,25.2,16
Saquon Barkley,RB,PHI,10,14.17,18,20.0,17
Derrick Henry,RB,BAL,13,14.84,19,16.6,18
George Pickens,WR,DAL,14,22.76,20,20.2,19
Nico Collins,WR,HOU,8,26.48,21,23.1,20
Rashee Rice,WR,KC,5,22.61,22,13.6,21
A.J. Brown,WR,NE,11,23.29,23,17.3,22
Brock Bowers,TE,LV,13,27.31,24,39.7,23
Chris Olave,WR,NO,8,28.77,25,21.4,24
Malik Nabers,WR,NYG,8,33.0,26,29.5,25
Trey McBride,TE,ARI,14,27.27,27,33.4,26
DeVonta Smith,WR,PHI,10,36.55,28,28.8,27
Tee Higgins,WR,CIN,6,38.99,29,37.2,28
Emeka Egbuka,WR,TB,10,37.13,30,36.0,29
Zay Flowers,WR,BAL,13,37.6,31,25.6,30
Josh Jacobs,RB,GB,11,26.63,32,27.8,31
Kyren Williams,RB,LAR,11,26.89,34,33.2,32
Josh Allen,QB,BUF,7,21.54,35,28.8,33
Colston Loveland,TE,CHI,10,46.52,36,58.8,34
Breece Hall,RB,NYJ,13,31.95,38,28.0,35
Ladd McConkey,WR,LAC,7,45.04,39,42.0,36
Tetairoa McMillan,WR,CAR,5,44.13,40,33.9,37
Jaylen Waddle,WR,DEN,10,52.76,41,46.6,38
Cam Skattebo,RB,NYG,8,32.21,42,32.9,39
Garrett Wilson,WR,NYJ,13,47.44,43,28.2,40
Lamar Jackson,QB,BAL,13,42.73,44,54.5,41
Quinshon Judkins,RB,CLE,11,48.55,45,51.0,42
DJ Moore,WR,BUF,7,62.28,46,52.0,43
Luther Burden III,WR,CHI,10,57.69,47,56.8,44
D'Andre Swift,RB,CHI,10,42.36,48,45.3,45
Terry McLaurin,WR,WAS,7,52.61,49,44.6,46
Travis Etienne Jr.,RB,NO,8,41.97,50,40.7,47
Tyler Warren,TE,IND,13,54.81,51,65.2,48
Drake Maye,QB,NE,11,52.78,52,50.0,49
Bucky Irving,RB,TB,10,41.44,53,44.4,50
Joe Burrow,QB,CIN,6,52.91,54,56.3,51
Davante Adams,WR,LAR,11,57.29,55,41.2,52
Sam LaPorta,TE,DET,6,68.11,56,88.0,53
Jayden Daniels,QB,WAS,7,63.05,57,70.0,54
Parker Washington,WR,JAX,7,83.27,58,68.6,55
Bhayshul Tuten,RB,JAX,7,56.69,59,53.9,56
David Montgomery,RB,HOU,8,58.13,60,63.9,57
Javonte Williams,RB,DAL,14,35.03,61,36.8,58
Rome Odunze,WR,CHI,10,63.67,62,49.2,59
Christian Watson,WR,GB,11,72.37,63,67.0,60
Brian Thomas Jr.,WR,JAX,7,81.57,64,75.7,61
Tucker Kraft,TE,GB,11,74.85,65,104.2,62
Jalen Hurts,QB,PHI,10,71.66,66,77.0,63
Mike Evans,WR,SF,8,65.04,67,56.6,64
Tony Pollard,RB,TEN,9,75.4,68,66.9,65
Marvin Harrison Jr.,WR,ARI,14,75.03,69,64.4,66
Jadarian Price,RB,SEA,11,62.05,70,75.2,67
TreVeyon Henderson,RB,NE,11,60.68,71,57.9,68
Kyle Pitts Sr.,TE,ATL,11,70.37,72,77.6,69
Rhamondre Stevenson,RB,NE,11,84.73,73,70.9,70
Rico Dowdle,RB,PIT,9,74.99,74,70.5,71
Jonathon Brooks,RB,CAR,5,102.93,75,108.8,72
Carnell Tate,WR,TEN,9,82.57,76,75.6,73
Josh Downs,WR,IND,13,104.8,77,86.9,74
Chris Godwin Jr.,WR,TB,10,96.01,78,87.4,75
Isaiah Likely,TE,NYG,8,95.51,79,133.0,76
Jaylen Warren,RB,PIT,9,78.36,80,66.8,77
Dak Prescott,QB,DAL,14,63.0,81,65.5,78
Harold Fannin Jr.,TE,CLE,11,81.35,82,80.8,79
Courtland Sutton,WR,DEN,10,77.38,83,60.1,80
Justin Herbert,QB,LAC,7,86.99,84,104.3,81
Jacory Croskey-Merritt,RB,WAS,7,104.14,85,112.6,82
Quentin Johnston,WR,LAC,7,97.96,86,93.9,83
Alec Pierce,WR,IND,13,69.97,87,57.6,84
Jordan Addison,WR,MIN,6,113.48,88,101.8,85
J.K. Dobbins,RB,DEN,10,92.3,89,95.5,86
DK Metcalf,WR,PIT,9,87.62,90,65.2,87
Michael Wilson,WR,ARI,14,103.59,91,83.8,88
Stefon Diggs,WR,WAS,7,123.75,92,92.5,89
Trevor Lawrence,QB,JAX,7,94.47,93,90.8,90
Jordan Mason,RB,MIN,6,107.53,94,123.4,91
Jordyn Tyson,WR,NO,8,99.99,95,91.6,92
Caleb Williams,QB,CHI,10,81.65,96,101.1,93
Blake Corum,RB,LAR,11,107.0,97,122.5,94
Travis Kelce,TE,KC,5,101.38,98,107.5,95
Kyle Monangai,RB,CHI,10,101.64,99,107.8,96
Kenneth Gainwell,UNK,UNK,999,101.32,100,999.0,97
Wan'Dale Robinson,WR,TEN,9,93.55,101,77.9,98
Michael Pittman Jr.,WR,PIT,9,110.56,102,72.9,99
RJ Harvey,RB,DEN,10,78.89,103,83.5,100
Deebo Samuel Sr.,WR,SF,8,124.15,104,104.8,101
Rachaad White,RB,WAS,7,115.93,105,103.0,102
Jaxson Dart,QB,NYG,8,94.15,106,105.2,103
Chuba Hubbard,RB,CAR,5,84.11,107,75.0,104
Jalen Coker,WR,CAR,5,140.48,108,125.1,105
Jakobi Meyers,WR,JAX,7,105.43,109,80.6,106
Jayden Reed,WR,GB,11,123.75,110,95.1,107
KC Concepcion,WR,CLE,11,123.92,111,129.2,108
George Kittle,TE,SF,8,93.3,112,112.8,109
Jared Goff,QB,DET,6,116.33,113,107.0,110
Brock Purdy,QB,SF,8,102.8,114,83.6,111
Makai Lemon,WR,PHI,10,112.85,115,109.2,112
Tyrone Tracy Jr.,RB,NYG,8,124.15,116,152.7,113
Chris Rodriguez Jr.,RB,JAX,7,130.33,117,162.1,114
Xavier Worthy,WR,KC,5,124.9,118,106.9,115
Dallas Goedert,TE,PHI,10,85.67,119,113.1,116
Aaron Jones Sr.,RB,MIN,6,109.66,120,96.0,117
Matthew Stafford,QB,LAR,11,99.93,121,83.2,118
Matthew Golden,WR,GB,11,134.47,122,120.0,119
Zach Charbonnet,RB,SEA,11,126.16,123,140.3,120
Woody Marks,RB,HOU,8,138.8,124,150.5,121
Patrick Mahomes,QB,KC,5,104.66,125,99.0,122
Mark Andrews,TE,BAL,13,124.43,126,140.2,123
Denzel Boston,WR,CLE,11,149.73,127,150.5,124
Romeo Doubs,WR,NE,11,134.57,128,113.3,125
Jayden Higgins,WR,HOU,8,136.07,129,131.7,126
MarShawn Lloyd,RB,GB,11,158.53,130,156.1,127
Kyler Murray,QB,MIN,6,136.75,131,142.9,128
Tyjae Spears,RB,TEN,9,139.42,132,131.5,129
De'Zhaun Stribling,WR,SF,8,152.0,133,153.8,130
Bo Nix,QB,DEN,10,127.95,134,119.7,131
Jalen Nailor,WR,LV,13,147.66,135,156.0,132
Isiah Pacheco,RB,DET,6,136.08,136,151.1,133
Dalton Kincaid,TE,BUF,7,127.11,138,152.9,134
Alvin Kamara,RB,NO,8,133.76,139,140.2,135
Tre Tucker,WR,LV,13,152.67,140,133.6,136
Tyler Shough,QB,NO,8,145.81,141,136.9,137
Tyler Allgeier,RB,ARI,14,146.67,142,167.9,138
Khalil Shakir,WR,BUF,7,134.35,143,100.9,139
Malik Willis,QB,MIA,6,153.51,144,162.0,140
Dylan Sampson,RB,CLE,11,151.0,145,162.5,141
Jonah Coleman,RB,DEN,10,156.96,146,149.7,142
Bijan Robinson,RB,ATL,11,1.96,147,1.7,143
Tank Dell,WR,HOU,8,135.9,148,149.9,144
Keaton Mitchell,RB,LAC,7,148.09,149,158.0,145
Rashid Shaheed,WR,SEA,11,139.11,150,126.3,146
Caleb Douglas,WR,MIA,6,999.0,151,180.0,147
Tank Bigsby,RB,PHI,10,156.06,152,161.1,148
Jeremiyah Love,RB,ARI,14,30.69,153,27.6,149
Juwan Johnson,TE,NO,8,145.7,154,159.0,150
Mike Washington Jr.,RB,LV,13,171.0,155,148.8,151
Greg Dulcich,TE,MIA,6,159.35,156,172.1,152
Ray Davis,RB,BUF,7,999.0,157,160.0,153
Jake Ferguson,TE,DAL,14,123.06,158,137.2,154
Adonai Mitchell,WR,NYJ,13,999.0,159,159.9,155
Brenton Strange,TE,JAX,7,139.78,160,164.0,156
Chigoziem Okonkwo,UNK,UNK,999,153.8,161,999.0,157
Omar Cooper Jr.,WR,NYJ,13,158.07,162,163.1,158
Baker Mayfield,QB,TB,10,131.75,163,129.4,159
Antonio Williams,WR,WAS,7,166.5,164,161.5,160
Kimani Vidal,RB,LAC,7,999.0,165,156.9,161
Cyrus Allen,WR,KC,5,999.0,166,157.6,162
Hunter Henry,TE,NE,11,153.63,167,156.6,163
Jalen McMillan,WR,TB,10,156.7,168,149.2,164
Jaydon Blue,RB,DAL,14,999.0,169,149.3,165
Dalton Schultz,TE,HOU,8,164.87,170,155.7,166
Travis Hunter,WR,JAX,7,999.0,171,161.3,167
Zachariah Branch,WR,ATL,11,999.0,172,172.9,168
Jerry Jeudy,WR,CLE,11,151.48,173,134.3,169
Kaelon Black,RB,SF,8,157.75,174,154.1,170
Tre' Harris,WR,LAC,7,999.0,175,162.5,171
Kayshon Boutte,WR,NE,11,999.0,177,172.5,172
Pat Bryant,WR,DEN,10,999.0,178,147.1,173
Calvin Ridley,WR,TEN,9,165.6,179,135.1,174
Dontayvion Wicks,WR,PHI,10,999.0,180,174.8,175
Germie Bernard,WR,PIT,9,999.0,181,170.8,176
James Conner,RB,ARI,14,161.25,182,175.0,177
Jauan Jennings,WR,MIN,6,159.42,183,145.6,178
Ryan Flournoy,WR,DAL,14,999.0,186,169.9,179
Ja'Kobi Lane,WR,BAL,13,999.0,187,163.0,180
Oronde Gadsden II,UNK,UNK,7,158.08,190,999.0,181
AJ Barner,TE,SEA,11,175.11,192,163.2,182
Darnell Mooney,WR,NYG,8,999.0,195,185.4,183
Cooper Kupp,WR,SEA,11,162.0,197,158.5,184
Braelon Allen,RB,NYJ,13,160.57,198,154.0,185
Jacoby Brissett,QB,ARI,14,999.0,199,168.4,186
Jordan James,RB,SF,8,152.33,200,159.4,187
Jameson Williams,WR,DET,6,59.57,999,44.6,188
Broncos,UNK,UNK,999,90.29,999,999.0,189
Ricky Pearsall,WR,SF,8,102.35,999,112.5,190
Texans,UNK,UNK,999,102.78,999,999.0,191
Brandon Aubrey,PK,DAL,14,108.95,999,130.2,192
Rams,UNK,UNK,999,114.95,999,999.0,193
Seahawks,UNK,UNK,999,116.47,999,999.0,194
Jason Myers,PK,SEA,11,123.49,999,138.2,195
Eagles,UNK,UNK,999,130.66,999,999.0,196
Ka'imi Fairbairn,PK,HOU,8,132.37,999,140.2,197
Vikings,UNK,UNK,999,137.93,999,999.0,198
Cameron Dicker,PK,LAC,7,140.68,999,144.4,199
Sam Darnold,QB,SEA,11,142.55,999,143.5,200
Jordan Love,QB,GB,11,145.25,999,146.7,201
Steelers,UNK,UNK,999,148.19,999,999.0,202
Ravens,UNK,UNK,999,151.38,999,999.0,203
Daniel Jones,QB,IND,13,151.76,999,150.8,204
Patriots,UNK,UNK,999,152.12,999,999.0,205
Cam Little,PK,JAX,7,153.44,999,159.3,206
Jake Bates,PK,DET,6,153.54,999,150.6,207
Nick Folk,PK,ATL,11,155.31,999,155.4,208
Blake Grupe,PK,IND,13,155.77,999,172.3,209
Lions,UNK,UNK,999,155.85,999,999.0,210
Brian Robinson,RB,ATL,11,157.7,999,164.8,211
Falcons,UNK,UNK,999,157.95,999,999.0,212
Harrison Mevis,PK,LAR,11,158.64,999,150.8,213
Chargers,UNK,UNK,999,159.0,999,999.0,214
Kenyon Sadiq,TE,NYJ,13,159.94,999,163.0,215
Rashod Bateman,WR,BAL,13,160.29,999,148.8,216
Saints,UNK,UNK,999,161.83,999,999.0,217
Tyreek Hill,UNK,UNK,999,161.89,999,999.0,218
C.J. Stroud,QB,HOU,8,162.67,999,161.2,219
Chase McLaughlin,PK,TB,10,163.9,999,157.3,220
Harrison Butker,PK,KC,5,163.94,999,161.4,221
Jaguars,UNK,UNK,999,164.16,999,999.0,222
Cairo Santos,PK,CHI,10,165.31,999,160.8,223
T.J. Hockenson,TE,MIN,6,165.79,999,163.2,224
Tyler Loop,PK,BAL,13,166.68,999,160.6,225
Eddy Pineiro,UNK,UNK,999,167.18,999,999.0,226
Bills,UNK,UNK,999,169.17,999,999.0,227
Justice Hill,RB,BAL,13,169.76,999,165.1,228
Cade Otton,UNK,UNK,999,170.22,999,999.0,229
Will Reichard,PK,MIN,6,171.24,999,158.0,230
Kenny Gainwell,RB,TB,10,999.0,999,88.5,231
Denver Defense,DEF,DEN,10,999.0,999,92.1,232
Seattle Defense,DEF,SEA,11,999.0,999,96.3,233
Houston Defense,DEF,HOU,8,999.0,999,104.0,234
Minnesota Defense,DEF,MIN,6,999.0,999,117.0,235
John Metchie III,WR,CAR,5,999.0,999,121.9,236
LA Rams Defense,DEF,LAR,11,999.0,999,125.1,237
Detroit Defense,DEF,DET,6,999.0,999,130.7,238
New England Defense,DEF,NE,11,999.0,999,130.9,239
Philadelphia Defense,DEF,PHI,10,999.0,999,131.2,240
Theo Wease Jr.,WR,MIA,6,999.0,999,139.6,241
LA Chargers Defense,DEF,LAC,7,999.0,999,144.9,242
Chimere Dike,WR,TEN,9,999.0,999,145.7,243
Pittsburgh Defense,DEF,PIT,9,999.0,999,146.6,244
San Francisco Defense,DEF,SF,8,999.0,999,150.7,245
Andy Borregales,PK,NE,11,999.0,999,151.4,246
NY Jets Defense,DEF,NYJ,13,999.0,999,152.4,247
Green Bay Defense,DEF,GB,11,999.0,999,154.1,248
Jacksonville Defense,DEF,JAX,7,999.0,999,154.7,249
Malik Washington,WR,MIA,6,999.0,999,154.9,250
Trey Smack,PK,GB,11,999.0,999,155.3,251
Chris Boswell,PK,PIT,9,999.0,999,157.8,252
Tennessee Defense,DEF,TEN,9,999.0,999,159.3,253
Eddy Piñeiro,PK,SF,8,999.0,999,159.4,254
Buffalo Defense,DEF,BUF,7,999.0,999,161.5,255
Baltimore Defense,DEF,BAL,13,999.0,999,161.6,256
Chig Okonkwo,TE,WAS,7,999.0,999,163.2,257
Tyler Bass,PK,BUF,7,999.0,999,163.3,258
Wil Lutz,PK,DEN,10,999.0,999,164.1,259
Atlanta Defense,DEF,ATL,11,999.0,999,165.0,260
Ty Johnson,RB,BUF,7,999.0,999,165.3,261
Fernando Mendoza,QB,LV,13,999.0,999,166.9,262
Dallas Defense,DEF,DAL,14,999.0,999,167.1,263
Emari Demercado,RB,KC,5,999.0,999,167.4,264
Evan McPherson,PK,CIN,6,999.0,999,168.5,265
Jalen Tolbert,WR,MIA,6,999.0,999,168.7,266
Cleveland Defense,DEF,CLE,11,999.0,999,169.5,267
NY Giants Defense,DEF,NYG,8,999.0,999,170.3,268
AJ Dillon,RB,CAR,5,999.0,999,170.3,269
Bryce Young,QB,CAR,5,999.0,999,170.9,270
New Orleans Defense,DEF,NO,8,999.0,999,171.9,271
Chicago Defense,DEF,CHI,10,999.0,999,172.2,272
Darius Slayton,WR,NYG,8,999.0,999,172.8,273
Cam Ward,QB,TEN,9,999.0,999,173.1,274
Samaje Perine,RB,CIN,6,999.0,999,173.7,275
Aaron Rodgers,QB,PIT,9,999.0,999,174.6,276
Cincinnati Defense,DEF,CIN,6,999.0,999,176.4,277
Isaac TeSlaa,WR,DET,6,999.0,999,179.1,278
Miami Defense,DEF,MIA,6,999.0,999,179.4,279
Washington Defense,DEF,WAS,7,999.0,999,181.1,280
Christian Kirk,WR,SF,8,999.0,999,186.9,281